{"job_id": "d59q7e1smlfc739ksb3g", "raw": {"L16": {"cfs": [0.22, 0.23, 0.24, 0.25, 0.26, 0.27, 0.28], "probs": [0.5185546875, 0.52783203125, 0.5296630859375, 0.4241943359375, 0.5169677734375, 0.5235595703125, 0.427001953125]}, "L20": {"cfs": [0.22, 0.23, 0.24, 0.25, 0.26, 0.27, 0.28], "probs": [0.5225830078125, 0.5166015625, 0.5247802734375, 0.4210205078125, 0.5220947265625, 0.5220947265625, 0.432861328125]}, "L24": {"cfs": [0.22, 0.23, 0.24, 0.25, 0.26, 0.27, 0.28], "probs": [0.5394287109375, 0.533935546875, 0.531982421875, 0.4251708984375, 0.5396728515625, 0.5318603515625, 0.43701171875]}, "L28": {"cfs": [0.22, 0.23, 0.24, 0.25, 0.26, 0.27, 0.28], "probs": [0.5185546875, 0.510986328125, 0.5179443359375, 0.409912109375, 0.5140380859375, 0.5142822265625, 0.41845703125]}}, "scaling": [0.25, 0.25, 0.25, 0.25]}